id,name,password
1,Alice,senha123
2,Bob,senha456
3,Charlie,senha789
4,David,senha101
5,Eve,senha102
6,Frank,senha103
7,Grace,senha104
8,Hannah,senha105
9,Ian,senha106
10,Jack,senha107
11,Kate,senha108
12,Liam,senha109
13,Mia,senha110
14,Nate,senha111
15,Olivia,senha112
16,Paul,senha113
17,Quinn,senha114
18,Ryan,senha115
19,Sara,senha116
20,Tony,senha117
21,Ursula,senha118
22,Vince,senha119
23,Wendy,senha120
24,Xander,senha121
25,Yara,senha122
26,Zack,senha123
27,Aaron,senha124
28,Bella,senha125
29,Cody,senha126
30,Diana,senha127
31,Ethan,senha128
32,Fiona,senha129
33,Gabe,senha130
34,Holly,senha131
35,Ivy,senha132
36,Jay,senha133
37,Kara,senha134
38,Luke,senha135
39,Maya,senha136
40,Nina,senha137
41,Oscar,senha138
42,Penny,senha139
43,Quincy,senha140
44,Rita,senha141
45,Sam,senha142
46,Tina,senha143
47,Uma,senha144
48,Vera,senha145
49,Wes,senha146
50,Xena,senha147
51,Yasmine,senha148
52,Zane,senha149
53,Alice1,senha150
54,Bob1,senha151
55,Charlie1,senha152
56,David1,senha153
57,Eve1,senha154
58,Frank1,senha155
59,Grace1,senha156
60,Hannah1,senha157
61,Ian1,senha158
62,Jack1,senha159
63,Kate1,senha160
64,Liam1,senha161
65,Mia1,senha162
66,Nate1,senha163
67,Olivia1,senha164
68,Paul1,senha165
69,Quinn1,senha166
70,Ryan1,senha167
71,Sara1,senha168
72,Tony1,senha169
73,Ursula1,senha170
74,Vince1,senha171
75,Wendy1,senha172
76,Xander1,senha173
77,Yara1,senha174
78,Zack1,senha175
79,Aaron1,senha176
80,Bella1,senha177
81,Cody1,senha178
82,Diana1,senha179
83,Ethan1,senha180
84,Fiona1,senha181
85,Gabe1,senha182
86,Holly1,senha183
87,Ivy1,senha184
88,Jay1,senha185
89,Kara1,senha186
90,Luke1,senha187
91,Maya1,senha188
92,Nina1,senha189
93,Oscar1,senha190
94,Penny1,senha191
95,Quincy1,senha192
96,Rita1,senha193
97,Sam1,senha194
98,Tina1,senha195
99,Uma1,senha196
100,Vera1,senha197
101,Wes1,senha198
102,Xena1,senha199
103,Yasmine1,senha200
104,Zane1,senha201
105,Alice2,senha202
106,Bob2,senha203
107,Charlie2,senha204
108,David2,senha205
109,Eve2,senha206
110,Frank2,senha207
111,Grace2,senha208
112,Hannah2,senha209
113,Ian2,senha210
114,Jack2,senha211
115,Kate2,senha212
116,Liam2,senha213
117,Mia2,senha214
118,Nate2,senha215
119,Olivia2,senha216
120,Paul2,senha217
121,Quinn2,senha218
122,Ryan2,senha219
123,Sara2,senha220
124,Tony2,senha221
125,Ursula2,senha222
126,Vince2,senha223
127,Wendy2,senha224
128,Xander2,senha225
129,Yara2,senha226
130,Zack2,senha227
131,Aaron2,senha228
132,Bella2,senha229
133,Cody2,senha230
134,Diana2,senha231
135,Ethan2,senha232
136,Fiona2,senha233
137,Gabe2,senha234
138,Holly2,senha235
139,Ivy2,senha236
140,Jay2,senha237
141,Kara2,senha238
142,Luke2,senha239
143,Maya2,senha240
144,Nina2,senha241
145,Oscar2,senha242
146,Penny2,senha243
147,Quincy2,senha244
148,Rita2,senha245
149,Sam2,senha246
150,Tina2,senha247
151,Uma2,senha248
152,Vera2,senha249
153,Wes2,senha250
154,Xena2,senha251
155,Yasmine2,senha252
156,Zane2,senha253
157,Alice3,senha254
158,Bob3,senha255
159,Charlie3,senha256
160,David3,senha257
161,Eve3,senha258
162,Frank3,senha259
163,Grace3,senha260
164,Hannah3,senha261
165,Ian3,senha262
166,Jack3,senha263
167,Kate3,senha264
168,Liam3,senha265
169,Mia3,senha266
170,Nate3,senha267
171,Olivia3,senha268
172,Paul3,senha269
173,Quinn3,senha270
174,Ryan3,senha271
175,Sara3,senha272
176,Tony3,senha273
177,Ursula3,senha274
178,Vince3,senha275
179,Wendy3,senha276
180,Xander3,senha277
181,Yara3,senha278
182,Zack3,senha279
183,Aaron3,senha280
184,Bella3,senha281
185,Cody3,senha282
186,Diana3,senha283
187,Ethan3,senha284
188,Fiona3,senha285
189,Gabe3,senha286
190,Holly3,senha287
191,Ivy3,senha288
192,Jay3,senha289
193,Kara3,senha290
194,Luke3,senha291
195,Maya3,senha292
196,Nina3,senha293
197,Oscar3,senha294
198,Penny3,senha295
199,Quincy3,senha296
200,Rita3,senha297
